"Station","depSM","index","Unnamed: 0.1","Unnamed: 0","latitude","longitude","timeJ","t090C","T0","c0S/m","C0","prDM","p","sbeox0V","oxy0","dz/dtM","flECO-AFL","upoly0","sal00","sbox0Mm/Kg","flag","Year","Fluorescence","sbeox0ML/L","density00","svCM","scan","t190C","T1","c1S/m","C1","sbeox1V","oxy1","xmiss","potemp090C","sbeox0PS","STATION"
"ST_1",1,0,0,0,58.33289,11.87168,39.358724,15.226,15.226,2.847648,2.847648,1.009,1.009,2.1382,2.1382,0.039,1.0013794974123,0.984802,22.081,224.836,0,2019,0.010204,NA,NA,NA,NA,NA,NA,NA,NA,NA,NA,NA,NA,NA,"ST_1"
"ST_1",1.5,1,1,1,58.33294,11.8717,39.358961,15.1916,15.1916,2.83323,2.83323,1.514,1.514,2.1524,2.1524,0.325,0.984009429689646,1.01813,21.9775,234.072,0,2019,0.010027,NA,NA,NA,NA,NA,NA,NA,NA,NA,NA,NA,NA,NA,"ST_1"
"ST_1",2,2,2,2,58.33294,11.8717,39.358962,15.1439,15.1439,2.803977,2.803977,2.019,2.019,2.159,2.159,0.331,1.04347983104518,1.0315862,21.7535,229.745,0,2019,0.0106329999999999,NA,NA,NA,NA,NA,NA,NA,NA,NA,NA,NA,NA,NA,"ST_1"
"ST_1",2.5,3,3,3,58.33294,11.8717,39.358978,15.5512,15.5512,2.881293,2.881293,2.523,2.523,2.1532,2.1532,0.371,1.12503082696341,0.9978566,22.1834,223.576,0,2019,0.011464,NA,NA,NA,NA,NA,NA,NA,NA,NA,NA,NA,NA,NA,"ST_1"
"ST_1",3,4,4,4,58.33294,11.8717,39.358992,15.6653,15.6653,2.942498,2.942498,3.028,3.028,2.1736,2.1736,0.398,0.935922801530882,0.9475181,22.6392,227.864,0,2019,0.009537,NA,NA,NA,NA,NA,NA,NA,NA,NA,NA,NA,NA,NA,"ST_1"
"ST_1",3.5,5,5,5,58.33294,11.87171,39.359004,15.5462,15.5462,2.979377,2.979377,3.533,3.533,2.1909,2.1909,0.447,0.775568617017779,0.9758288,23.0207,234.131,0,2019,0.007903,NA,NA,NA,NA,NA,NA,NA,NA,NA,NA,NA,NA,NA,"ST_1"
"ST_1",4,6,6,6,58.33294,11.87172,39.359016,15.698,15.698,3.018298,3.018298,4.038,4.038,2.1731,2.1731,0.506,0.695587796712896,0.9758992,23.2626,224.69,0,2019,0.007088,NA,NA,NA,NA,NA,NA,NA,NA,NA,NA,NA,NA,NA,"ST_1"
"ST_1",4.5,7,7,7,58.33295,11.87172,39.359028,15.9605,15.9605,3.108152,3.108152,4.542,4.542,2.1407,2.1407,0.491,0.463594349840819,1.0286746,23.8696,212.11,0,2019,0.004724,NA,NA,NA,NA,NA,NA,NA,NA,NA,NA,NA,NA,NA,"ST_1"
"ST_1",5,8,8,8,58.33296,11.87172,39.359041,15.9649,15.9649,3.179759,3.179759,5.047,5.047,2.1103,2.1103,0.46,0.287244001266739,1.0939213,24.4744,207.516,0,2019,0.002927,NA,NA,NA,NA,NA,NA,NA,NA,NA,NA,NA,NA,NA,"ST_1"
"ST_1",5.5,9,9,9,58.33296,11.87172,39.359053,15.7888,15.7888,3.235069,3.235069,5.552,5.552,2.0338,2.0338,0.468,0.276449043924976,0.9701173,25.0562,191.405,0,2019,0.002817,NA,NA,NA,NA,NA,NA,NA,NA,NA,NA,NA,NA,NA,"ST_1"
"ST_1",6,10,10,10,58.33296,11.87172,39.359064,15.5743,15.5743,3.267247,3.267247,6.056,6.056,1.9306,1.9306,0.511,0.260452879863999,0.9054857,25.4688,168.183,0,2019,0.002654,NA,NA,NA,NA,NA,NA,NA,NA,NA,NA,NA,NA,NA,"ST_1"
"ST_1",6.5,11,11,11,58.33296,11.87172,39.359076,15.5245,15.5245,3.317211,3.317211,6.561,6.561,1.7961,1.7961,0.501,0.24229772433467,0.8664435,25.9322,143.863,0,2019,0.002469,NA,NA,NA,NA,NA,NA,NA,NA,NA,NA,NA,NA,NA,"ST_1"
"ST_1",7,12,12,12,58.33296,11.87172,39.359089,15.2797,15.2797,3.335322,3.335322,7.066,7.066,1.6268,1.6268,0.462,0.284888737846718,0.8808064,26.2512,115.387,0,2019,0.002903,NA,NA,NA,NA,NA,NA,NA,NA,NA,NA,NA,NA,NA,"ST_1"
"ST_1",7.5,13,13,13,58.33296,11.87174,39.359103,14.9386,14.9386,3.351874,3.351874,7.571,7.571,1.442,1.442,0.437,0.248774698739728,0.8654735,26.6257,87.033,0,2019,0.002535,NA,NA,NA,NA,NA,NA,NA,NA,NA,NA,NA,NA,NA,"ST_1"
"ST_1",8,14,14,14,58.33296,11.87174,39.359117,14.7375,14.7375,3.358832,3.358832,8.075,8.075,1.2726,1.2726,0.414,0.228656823693715,0.8508683,26.8244,67.383,0,2019,0.00233,NA,NA,NA,NA,NA,NA,NA,NA,NA,NA,NA,NA,NA,"ST_1"
"ST_1",8.5,15,15,15,58.33296,11.87174,39.359131,14.5175,14.5175,3.375441,3.375441,8.58,8.58,1.1398,1.1398,0.408,0.231797174920409,0.845382,27.1238,56.372,0,2019,0.002362,NA,NA,NA,NA,NA,NA,NA,NA,NA,NA,NA,NA,NA,"ST_1"
"ST_1",9,16,16,16,58.33297,11.87174,39.359142,14.3903,14.3903,3.387448,3.387448,9.085,9.085,1.061,1.061,0.465,0.219530177941133,0.8557214,27.3198,51.143,0,2019,0.002237,NA,NA,NA,NA,NA,NA,NA,NA,NA,NA,NA,NA,NA,"ST_1"
"ST_1",9.5,17,17,17,58.33298,11.87174,39.359152,14.3039,14.3039,3.398498,3.398498,9.59,9.59,1.0065,1.0065,0.544,0.206281821203514,0.8792348,27.4795,49.121,0,2019,0.002102,NA,NA,NA,NA,NA,NA,NA,NA,NA,NA,NA,NA,NA,"ST_1"
"ST_1",10,18,18,18,58.33298,11.87174,39.359162,14.2318,14.2318,3.41038,3.41038,10.094,10.094,0.9612,0.9612,0.583,0.196958903499264,0.9012711,27.6372,46.421,0,2019,0.002007,NA,NA,NA,NA,NA,NA,NA,NA,NA,NA,NA,NA,NA,"ST_1"
"ST_1",10.5,19,19,19,58.33298,11.87174,39.359172,14.1175,14.1175,3.419763,3.419763,10.599,10.599,0.9253,0.9253,0.593,0.18567326627833,0.9156988,27.8034,44.152,0,2019,0.001892,NA,NA,NA,NA,NA,NA,NA,NA,NA,NA,NA,NA,NA,"ST_1"
"ST_1",11,20,20,20,58.33298,11.87174,39.359183,13.8669,13.8669,3.421399,3.421399,11.103,11.103,0.8939,0.8939,0.557,0.180766467486619,0.9345269,27.9994,43.031,0,2019,0.001842,NA,NA,NA,NA,NA,NA,NA,NA,NA,NA,NA,NA,NA,"ST_1"
"ST_1",11.5,21,21,21,58.33298,11.87176,39.359197,13.5711,13.5711,3.428938,3.428938,11.608,11.608,0.8656,0.8656,0.457,0.172621181492379,0.927213,28.2846,42.225,0,2019,0.001759,NA,NA,NA,NA,NA,NA,NA,NA,NA,NA,NA,NA,NA,"ST_1"
"ST_1",12,22,22,22,58.33298,11.87176,39.359212,13.6002,13.6002,3.444582,3.444582,12.113,12.113,0.8379,0.8379,0.397,0.188028529698351,0.928869,28.4059,39.604,0,2019,0.001916,NA,NA,NA,NA,NA,NA,NA,NA,NA,NA,NA,NA,NA,"ST_1"
"ST_1",12.5,23,23,23,58.33298,11.87176,39.359226,13.5383,13.5383,3.439578,3.439578,12.618,12.618,0.8177,0.8177,0.406,0.155349249745558,0.9366116,28.4059,37.605,0,2019,0.001583,NA,NA,NA,NA,NA,NA,NA,NA,NA,NA,NA,NA,NA,"ST_1"
"ST_1",13,24,24,24,58.33298,11.87176,39.359238,13.6107,13.6107,3.448466,3.448466,13.122,13.122,0.8101,0.8101,0.453,0.160648592440605,0.9157146,28.4333,38.725,0,2019,0.001637,NA,NA,NA,NA,NA,NA,NA,NA,NA,NA,NA,NA,NA,"ST_1"
"ST_1",13.5,25,25,25,58.33298,11.87176,39.35925,13.696,13.696,3.462111,3.462111,13.627,13.627,0.8038,0.8038,0.499,0.179000019921603,0.9469763,28.4943,38.966,0,2019,0.001824,NA,NA,NA,NA,NA,NA,NA,NA,NA,NA,NA,NA,NA,"ST_1"
"ST_1",14,26,26,26,58.33298,11.87178,39.359262,13.7311,13.7311,3.508894,3.508894,14.132,14.132,0.7997,0.7997,0.501,0.168303198555674,0.962521,28.8949,38.534,0,2019,0.001715,NA,NA,NA,NA,NA,NA,NA,NA,NA,NA,NA,NA,NA,"ST_1"
"ST_1",14.5,27,27,27,58.33298,11.87178,39.359275,13.0201,13.0201,3.527654,3.527654,14.637,14.637,0.801,0.801,0.457,0.172130501613208,1.0405004,29.6142,40.349,0,2019,0.001754,NA,NA,NA,NA,NA,NA,NA,NA,NA,NA,NA,NA,NA,"ST_1"
"ST_1",15,28,28,28,58.33298,11.87178,39.359289,12.0826,12.0826,3.476434,3.476434,15.141,15.141,0.8131,0.8131,0.417,0.179981379679945,1.1572576,29.8704,44.907,0,2019,0.001834,NA,NA,NA,NA,NA,NA,NA,NA,NA,NA,NA,NA,NA,"ST_1"
"ST_1",15.5,29,29,29,58.33297,11.87179,39.359303,11.6912,11.6912,3.445778,3.445778,15.646,15.646,0.8223,0.8223,0.406,0.198627215088446,1.1614769,29.8904,47.937,0,2019,0.0020239999999999,NA,NA,NA,NA,NA,NA,NA,NA,NA,NA,NA,NA,NA,"ST_1"
"ST_1",16,30,30,30,58.33296,11.8718,39.359316,11.211,11.211,3.403987,3.403987,16.151,16.151,0.8112,0.8112,0.441,0.214132699270251,1.1529375,29.8733,42.358,0,2019,0.002182,NA,NA,NA,NA,NA,NA,NA,NA,NA,NA,NA,NA,NA,"ST_1"
"ST_1",16.5,31,31,31,58.33296,11.8718,39.359327,9.6906,9.6906,3.289786,3.289786,16.656,16.656,0.7972,0.7972,0.506,0.224927656612014,1.1256119,29.9915,38.529,0,2019,0.0022919999999999,NA,NA,NA,NA,NA,NA,NA,NA,NA,NA,NA,NA,NA,"ST_1"
"ST_1",17,32,32,32,58.33296,11.8718,39.359337,8.592,8.592,3.249981,3.249981,17.16,17.16,0.7817,0.7817,0.554,0.418844344860418,1.1643674,30.5152,35.754,0,2019,0.004268,NA,NA,NA,NA,NA,NA,NA,NA,NA,NA,NA,NA,NA,"ST_1"
"ST_1",17.5,33,33,33,58.33296,11.8718,39.359347,8.3019,8.3019,3.255271,3.255271,17.665,17.665,0.7585,0.7585,0.566,0.876746808102852,1.1821229,30.8218,30.747,0,2019,0.008934,NA,NA,NA,NA,NA,NA,NA,NA,NA,NA,NA,NA,NA,"ST_1"
"ST_1",18,34,34,34,58.33296,11.8718,39.359358,8.2678,8.2678,3.275473,3.275473,18.17,18.17,0.7236,0.7236,0.553,1.55231486574557,1.2621566,31.0637,21.415,0,2019,0.015818,NA,NA,NA,NA,NA,NA,NA,NA,NA,NA,NA,NA,NA,"ST_1"
"ST_1",18.5,35,35,35,58.33296,11.87181,39.359371,8.1913,8.1913,3.306771,3.306771,18.674,18.674,0.6857,0.6857,0.493,2.26654849786697,1.5555271,31.461,13.659,0,2019,0.023096,NA,NA,NA,NA,NA,NA,NA,NA,NA,NA,NA,NA,NA,"ST_1"
"ST_1",19,36,36,36,58.33296,11.87182,39.359387,8.1943,8.1943,3.322143,3.322143,19.179,19.179,0.6521,0.6521,0.388,2.77028046182398,1.6377042,31.6203,12.088,0,2019,0.028229,NA,NA,NA,NA,NA,NA,NA,NA,NA,NA,NA,NA,NA,"ST_1"
"ST_1",19.5,37,37,37,58.33296,11.87182,39.359402,8.2078,8.2078,3.327308,3.327308,19.684,19.684,0.6294,0.6294,0.377,3.07931064972591,1.7451393,31.6624,11.58,0,2019,0.0313779999999999,NA,NA,NA,NA,NA,NA,NA,NA,NA,NA,NA,NA,NA,"ST_1"
"ST_1",20,38,38,38,58.33296,11.87182,39.359414,8.2253,8.2253,3.332087,3.332087,20.188,20.188,0.6139,0.6139,0.435,3.16959574749339,1.8327955,31.6968,10.694,0,2019,0.032298,NA,NA,NA,NA,NA,NA,NA,NA,NA,NA,NA,NA,NA,"ST_1"
"ST_1",20.5,39,39,39,58.33296,11.87182,39.359427,8.2571,8.2571,3.339874,3.339874,20.693,20.693,0.6007,0.6007,0.478,3.26694663552093,1.8697283,31.7499,9.495,0,2019,0.03329,NA,NA,NA,NA,NA,NA,NA,NA,NA,NA,NA,NA,NA,"ST_1"
"ST_1",21,40,40,40,58.33296,11.87182,39.359438,8.3063,8.3063,3.349511,3.349511,21.198,21.198,0.5898,0.5898,0.491,3.39403272422623,1.9099986,31.8068,8.444,0,2019,0.034585,NA,NA,NA,NA,NA,NA,NA,NA,NA,NA,NA,NA,NA,"ST_1"
"ST_1",21.5,41,41,41,58.33296,11.87182,39.359451,8.3553,8.3553,3.357649,3.357649,21.703,21.703,0.5798,0.5798,0.471,3.49854753848967,2.0295889,31.8478,7.741,0,2019,0.03565,NA,NA,NA,NA,NA,NA,NA,NA,NA,NA,NA,NA,NA,"ST_1"
"ST_1",22,42,42,42,58.33296,11.87182,39.359466,8.4028,8.4028,3.365105,3.365105,22.208,22.208,0.571,0.571,0.421,3.42327724502483,2.0410556,31.883,7.096,0,2019,0.034883,NA,NA,NA,NA,NA,NA,NA,NA,NA,NA,NA,NA,NA,"ST_1"
"ST_1",22.5,43,43,43,58.33296,11.87182,39.35948,8.4564,8.4564,3.373196,3.373196,22.712,22.712,0.5641,0.5641,0.409,3.34408151252662,2.0222821,31.9192,6.624,0,2019,0.034076,NA,NA,NA,NA,NA,NA,NA,NA,NA,NA,NA,NA,NA,"ST_1"
"ST_1",23,44,44,44,58.33296,11.87184,39.359493,8.496,8.496,3.379056,3.379056,23.217,23.217,0.5591,0.5591,0.435,3.17617085787428,1.9583775,31.9446,6.348,0,2019,0.032365,NA,NA,NA,NA,NA,NA,NA,NA,NA,NA,NA,NA,NA,"ST_1"
"ST_1",23.5,45,45,45,58.33296,11.87184,39.359504,8.5225,8.5225,3.382902,3.382902,23.722,23.722,0.5551,0.5551,0.478,3.12425692665798,1.9852356,31.9608,6.019,0,2019,0.031836,NA,NA,NA,NA,NA,NA,NA,NA,NA,NA,NA,NA,NA,"ST_1"
"ST_1",24,46,46,46,58.33296,11.87184,39.359515,8.5432,8.5432,3.386005,3.386005,24.227,24.227,0.5516,0.5516,0.514,2.96301951836237,1.9032982,31.9743,5.623,0,2019,0.0301929999999999,NA,NA,NA,NA,NA,NA,NA,NA,NA,NA,NA,NA,NA,"ST_1"
"ST_1",24.5,47,47,47,58.33296,11.87184,39.359527,8.5752,8.5752,3.390701,3.390701,24.731,24.731,0.549,0.549,0.529,2.74133034895288,1.8142706,31.9943,5.47,0,2019,0.027934,NA,NA,NA,NA,NA,NA,NA,NA,NA,NA,NA,NA,NA,"ST_1"
"ST_1",25,48,48,48,58.33296,11.87186,39.359539,8.6034,8.6034,3.394812,3.394812,25.236,25.236,0.5466,0.5466,0.503,2.36281989016033,1.6834556,32.0116,5.333,0,2019,0.024077,NA,NA,NA,NA,NA,NA,NA,NA,NA,NA,NA,NA,NA,"ST_1"
"ST_1",25.5,49,49,49,58.33296,11.87186,39.359551,8.6178,8.6178,3.397317,3.397317,25.741,25.741,0.5441,0.5441,0.471,2.11247501580725,1.5932681,32.0245,5.092,0,2019,0.021526,NA,NA,NA,NA,NA,NA,NA,NA,NA,NA,NA,NA,NA,"ST_1"
"ST_1",26,50,50,50,58.33296,11.87186,39.359565,8.6434,8.6434,3.401227,3.401227,26.245,26.245,0.542,0.542,0.446,1.94584012884076,1.5372777,32.0419,4.836,0,2019,0.019828,NA,NA,NA,NA,NA,NA,NA,NA,NA,NA,NA,NA,NA,"ST_1"
"ST_1",26.5,51,51,51,58.33296,11.87186,39.359577,8.6811,8.6811,3.406714,3.406714,26.75,26.75,0.5401,0.5401,0.453,1.66919481296412,1.4834582,32.0649,4.661,0,2019,0.017009,NA,NA,NA,NA,NA,NA,NA,NA,NA,NA,NA,NA,NA,"ST_1"
"ST_1",27,52,52,52,58.33296,11.87186,39.359589,8.7121,8.7121,3.411432,3.411432,27.255,27.255,0.5389,0.5389,0.478,1.37586638119566,1.418166,32.0858,4.564,0,2019,0.01402,NA,NA,NA,NA,NA,NA,NA,NA,NA,NA,NA,NA,NA,"ST_1"
"ST_1",27.5,53,53,53,58.33296,11.87186,39.3596,8.7407,8.7407,3.416266,3.416266,27.76,27.76,0.5371,0.5371,0.513,1.13003576173095,1.3852633,32.1101,4.283,0,2019,0.011515,NA,NA,NA,NA,NA,NA,NA,NA,NA,NA,NA,NA,NA,"ST_1"
"ST_1",28,54,54,54,58.33296,11.87186,39.359611,8.7735,8.7735,3.421746,3.421746,28.265,28.265,0.5361,0.5361,0.525,0.99225285165972,1.4040237,32.1372,4.194,0,2019,0.010111,NA,NA,NA,NA,NA,NA,NA,NA,NA,NA,NA,NA,NA,"ST_1"
"ST_1",28.5,55,55,55,58.33296,11.87186,39.359623,8.7953,8.7953,3.425047,3.425047,28.769,28.769,0.5347,0.5347,0.503,0.824636604934885,1.4030155,32.1517,3.995,0,2019,0.008403,NA,NA,NA,NA,NA,NA,NA,NA,NA,NA,NA,NA,NA,"ST_1"
"ST_1",29,56,56,56,58.33296,11.87186,39.359636,8.8172,8.8172,3.428755,3.428755,29.274,29.274,0.5338,0.5338,0.468,0.739356441934955,1.4258487,32.1702,3.987,0,2019,0.007534,NA,NA,NA,NA,NA,NA,NA,NA,NA,NA,NA,NA,NA,"ST_1"
"ST_1",29.5,57,57,57,58.33296,11.87187,39.35965,8.8225,8.8225,3.430643,3.430643,29.779,29.779,0.533,0.533,0.436,0.682535711926946,1.3506146,32.1849,3.949,0,2019,0.006955,NA,NA,NA,NA,NA,NA,NA,NA,NA,NA,NA,NA,NA,"ST_1"
"ST_1",30,58,58,58,58.33296,11.87188,39.359663,8.8314,8.8314,3.432413,3.432413,30.283,30.283,0.5322,0.5322,0.426,0.712663456508049,1.2420206,32.195,3.811,0,2019,0.0072619999999999,NA,NA,NA,NA,NA,NA,NA,NA,NA,NA,NA,NA,NA,"ST_1"
"ST_1",30.5,59,59,59,58.33296,11.87188,39.359675,8.8381,8.8381,3.433808,3.433808,30.789,30.789,0.5313,0.5313,0.461,0.682535711926946,1.2116058,32.2032,3.727,0,2019,0.006955,NA,NA,NA,NA,NA,NA,NA,NA,NA,NA,NA,NA,NA,"ST_1"
"ST_1",31,60,60,60,58.33296,11.87188,39.359687,8.8454,8.8454,3.4353,3.4353,31.293,31.293,0.5303,0.5303,0.497,0.694213893051217,1.1926634,32.2119,3.505,0,2019,0.007074,NA,NA,NA,NA,NA,NA,NA,NA,NA,NA,NA,NA,NA,"ST_1"
"ST_1",31.5,61,61,61,58.33296,11.87188,39.359698,8.8604,8.8604,3.438118,3.438118,31.798,31.798,0.5298,0.5298,0.515,0.683124527781951,1.171539,32.2273,3.427,0,2019,0.006961,NA,NA,NA,NA,NA,NA,NA,NA,NA,NA,NA,NA,NA,"ST_1"
"ST_1",32,62,62,62,58.33296,11.87188,39.35971,8.8723,8.8723,3.440508,3.440508,32.303,32.303,0.5295,0.5295,0.512,0.631799412420658,1.1486683,32.2411,3.564,0,2019,0.006438,NA,NA,NA,NA,NA,NA,NA,NA,NA,NA,NA,NA,NA,"ST_1"
"ST_1",32.5,63,63,63,58.33296,11.87188,39.359723,8.8843,8.8843,3.442764,3.442764,32.807,32.807,0.5287,0.5287,0.461,0.611190857495474,1.1001192,32.2535,3.382,0,2019,0.006228,NA,NA,NA,NA,NA,NA,NA,NA,NA,NA,NA,NA,NA,"ST_1"
"ST_1",33,64,64,64,58.33296,11.87188,39.35974,8.8924,8.8924,3.444756,3.444756,33.312,33.312,0.5284,0.5284,0.365,0.603634387356239,1.0185987,32.2666,3.417,0,2019,0.006151,NA,NA,NA,NA,NA,NA,NA,NA,NA,NA,NA,NA,NA,"ST_1"
"ST_1",33.5,65,65,65,58.33296,11.87188,39.359759,8.8986,8.8986,3.445997,3.445997,33.817,33.817,0.5277,0.5277,0.309,0.585577367802744,0.9608804,32.2736,3.285,0,2019,0.005967,NA,NA,NA,NA,NA,NA,NA,NA,NA,NA,NA,NA,NA,"ST_1"
"ST_1",34,66,66,66,58.33296,11.8719,39.359773,8.9028,8.9028,3.446943,3.446943,34.322,34.322,0.5274,0.5274,0.37,0.600690308081213,0.9445053,32.2795,3.219,0,2019,0.006121,NA,NA,NA,NA,NA,NA,NA,NA,NA,NA,NA,NA,NA,"ST_1"
"ST_1",34.5,67,67,67,58.33296,11.8719,39.359784,8.9133,8.9133,3.4489,3.4489,34.827,34.827,0.5274,0.5274,0.482,0.599512676371203,0.9313554,32.29,3.343,0,2019,0.006109,NA,NA,NA,NA,NA,NA,NA,NA,NA,NA,NA,NA,NA,"ST_1"
"ST_1",35,68,68,68,58.33296,11.8719,39.359796,8.9175,8.9175,3.450077,3.450077,35.331,35.331,0.5269,0.5269,0.503,0.572230875089291,0.8901864,32.2982,3.234,0,2019,0.0058309999999999,NA,NA,NA,NA,NA,NA,NA,NA,NA,NA,NA,NA,NA,"ST_1"
"ST_1",35.5,69,69,69,58.33296,11.8719,39.359808,8.9198,8.9198,3.450665,3.450665,35.836,35.836,0.5266,0.5266,0.477,0.591956206231968,0.8899915,32.302,3.099,0,2019,0.0060319999999999,NA,NA,NA,NA,NA,NA,NA,NA,NA,NA,NA,NA,NA,"ST_1"
"ST_1",36,70,70,70,58.33296,11.8719,39.359821,8.9218,8.9218,3.451202,3.451202,36.341,36.341,0.5265,0.5265,0.47,0.5992182684437,0.9191115,32.3055,3.18,0,2019,0.006106,NA,NA,NA,NA,NA,NA,NA,NA,NA,NA,NA,NA,NA,"ST_1"
"ST_1",36.5,71,71,71,58.33296,11.8719,39.359834,8.922,8.922,3.451586,3.451586,36.846,36.846,0.526,0.526,0.453,0.587932631222765,0.8815722,32.3091,3.023,0,2019,0.005991,NA,NA,NA,NA,NA,NA,NA,NA,NA,NA,NA,NA,NA,"ST_1"
"ST_1",37,72,72,72,58.33296,11.8719,39.359847,8.9234,8.9234,3.452015,3.452015,37.35,37.35,0.5259,0.5259,0.455,0.586951271464423,0.873483,32.3121,3.109,0,2019,0.0059809999999999,NA,NA,NA,NA,NA,NA,NA,NA,NA,NA,NA,NA,NA,"ST_1"
"ST_1",37.5,73,73,73,58.33297,11.8719,39.359858,8.9268,8.9268,3.452674,3.452674,37.855,37.855,0.5255,0.5255,0.481,0.578904121446018,0.8490812,32.3156,2.99,0,2019,0.005899,NA,NA,NA,NA,NA,NA,NA,NA,NA,NA,NA,NA,NA,"ST_1"
"ST_1",38,74,74,74,58.33298,11.8719,39.35987,8.9295,8.9295,3.453294,3.453294,38.36,38.36,0.525,0.525,0.506,0.611190857495474,0.8463105,32.3194,2.902,0,2019,0.006228,NA,NA,NA,NA,NA,NA,NA,NA,NA,NA,NA,NA,NA,"ST_1"
"ST_1",38.5,75,75,75,58.33298,11.8719,39.359881,8.9314,8.9314,3.453872,3.453872,38.865,38.865,0.5249,0.5249,0.515,0.588619583053605,0.864464,32.3234,2.906,0,2019,0.005998,NA,NA,NA,NA,NA,NA,NA,NA,NA,NA,NA,NA,NA,"ST_1"
"ST_1",39,76,76,76,58.33298,11.8719,39.359893,8.9327,8.9327,3.454404,3.454404,39.369,39.369,0.5249,0.5249,0.494,0.600494036129545,0.836879,32.3275,2.991,0,2019,0.006119,NA,NA,NA,NA,NA,NA,NA,NA,NA,NA,NA,NA,NA,"ST_1"
"ST_1",39.5,77,77,77,58.33298,11.87191,39.359907,8.9337,8.9337,3.454795,3.454795,39.874,39.874,0.5249,0.5249,0.445,0.606774738582934,0.8330428,32.3305,3.016,0,2019,0.0061829999999999,NA,NA,NA,NA,NA,NA,NA,NA,NA,NA,NA,NA,NA,"ST_1"
"ST_1",40,78,78,78,58.33298,11.87192,39.359926,8.9333,8.9333,3.455019,3.455019,40.379,40.379,0.5246,0.5246,0.329,0.616097656287184,0.813932,32.3329,2.906,0,2019,0.006278,NA,NA,NA,NA,NA,NA,NA,NA,NA,NA,NA,NA,NA,"ST_1"
"ST_1",40.5,79,79,79,58.33298,11.87192,39.359946,8.931,8.931,3.455016,3.455016,40.884,40.884,0.5244,0.5244,0.278,0.616588336166355,0.7924639,32.3347,2.904,0,2019,0.0062829999999999,NA,NA,NA,NA,NA,NA,NA,NA,NA,NA,NA,NA,NA,"ST_1"
"ST_1",41,80,80,80,58.33298,11.87192,39.359963,8.9292,8.9292,3.45503,3.45503,41.389,41.389,0.5241,0.5241,0.335,0.624929894112264,0.7974418,32.3364,2.867,0,2019,0.006368,NA,NA,NA,NA,NA,NA,NA,NA,NA,NA,NA,NA,NA,"ST_1"
"ST_1",41.5,81,81,81,58.33298,11.87192,39.359979,8.9277,8.9277,3.455021,3.455021,41.894,41.894,0.5239,0.5239,0.362,0.637000619139872,0.7933689,32.3374,2.761,0,2019,0.006491,NA,NA,NA,NA,NA,NA,NA,NA,NA,NA,NA,NA,NA,"ST_1"
"ST_1",42,82,82,82,58.33298,11.87192,39.359997,8.9249,8.9249,3.454933,3.454933,42.398,42.398,0.5238,0.5238,0.338,0.632290092299829,0.8015255,32.3388,2.832,0,2019,0.006443,NA,NA,NA,NA,NA,NA,NA,NA,NA,NA,NA,NA,NA,"ST_1"
"ST_1",42.5,83,83,83,58.33298,11.87192,39.360016,8.9236,8.9236,3.454875,3.454875,42.903,42.903,0.5237,0.5237,0.302,0.635528579502358,0.801008,32.3391,2.813,0,2019,0.0064759999999999,NA,NA,NA,NA,NA,NA,NA,NA,NA,NA,NA,NA,NA,"ST_1"
"ST_1",43,84,84,84,58.33298,11.87194,39.360035,8.9197,8.9197,3.454618,3.454618,43.408,43.408,0.5236,0.5236,0.317,0.632290092299829,0.7870023,32.3398,2.799,0,2019,0.006443,NA,NA,NA,NA,NA,NA,NA,NA,NA,NA,NA,NA,NA,"ST_1"
"ST_1",43.5,85,85,85,58.33298,11.87194,39.360054,8.919,8.919,3.454617,3.454617,43.913,43.913,0.5234,0.5234,0.315,0.648089984409138,0.7866906,32.3402,2.747,0,2019,0.006604,NA,NA,NA,NA,NA,NA,NA,NA,NA,NA,NA,NA,NA,"ST_1"
"ST_1",44,86,86,86,58.33298,11.87194,39.36008,8.9175,8.9175,3.454509,3.454509,44.418,44.418,0.5231,0.5231,0.187,0.639552154511561,0.7949151,32.3402,2.659,0,2019,0.0065169999999999,NA,NA,NA,NA,NA,NA,NA,NA,NA,NA,NA,NA,NA,"ST_1"
"ST_2",0.5,87,87,87,58.32822,11.8559,39.386507,14.8777,14.8777,2.680972,2.680972,0.505,0.505,2.2594,2.2594,0.019,3.07255951834198,1.1043687,20.8487,244.749,0,2019,0.01813,NA,NA,NA,NA,NA,NA,NA,NA,NA,NA,NA,NA,NA,"ST_2"
"ST_2",1,88,88,88,58.32822,11.8559,39.386782,14.8835,14.8835,2.682786,2.682786,1.009,1.009,2.2676,2.2676,0.2,3.15170377068978,1.1431808,20.861,246.099,0,2019,0.018597,NA,NA,NA,NA,NA,NA,NA,NA,NA,NA,NA,NA,NA,"ST_2"
"ST_2",1.5,89,89,89,58.32822,11.8559,39.386796,14.8856,14.8856,2.689394,2.689394,1.514,1.514,2.2666,2.2666,0.226,3.08543952514804,1.1515001,20.9162,245.506,0,2019,0.018206,NA,NA,NA,NA,NA,NA,NA,NA,NA,NA,NA,NA,NA,"ST_2"
"ST_2",2,90,90,90,58.32822,11.8559,39.38682,14.8913,14.8913,2.70348,2.70348,2.019,2.019,2.2639,2.2639,0.251,3.01748054186867,1.1475878,21.0334,244.618,0,2019,0.017805,NA,NA,NA,NA,NA,NA,NA,NA,NA,NA,NA,NA,NA,"ST_2"
"ST_2",2.5,91,91,91,58.32822,11.8559,39.386841,15.0266,15.0266,2.760816,2.760816,2.523,2.523,2.2595,2.2595,0.266,2.92630365158361,1.1229941,21.4495,242.368,0,2019,0.0172669999999999,NA,NA,NA,NA,NA,NA,NA,NA,NA,NA,NA,NA,NA,"ST_2"
"ST_2",3,92,92,92,58.32822,11.8559,39.386861,15.3828,15.3828,2.896299,2.896299,3.028,3.028,2.2585,2.2585,0.301,2.38517389195505,1.111646,22.4071,239.312,0,2019,0.014074,NA,NA,NA,NA,NA,NA,NA,NA,NA,NA,NA,NA,NA,"ST_2"
"ST_2",3.5,93,93,93,58.32822,11.8559,39.38688,15.5907,15.5907,2.972002,2.972002,3.533,3.533,2.2315,2.2315,0.31,1.91200311560586,1.1125117,22.9319,230.791,0,2019,0.011282,NA,NA,NA,NA,NA,NA,NA,NA,NA,NA,NA,NA,NA,"ST_2"
"ST_2",4,94,94,94,58.32822,11.8559,39.3869,15.6835,15.6835,3.010718,3.010718,4.038,4.038,2.1678,2.1678,0.281,1.57407241072037,1.0813178,23.207,216.154,0,2019,0.009288,NA,NA,NA,NA,NA,NA,NA,NA,NA,NA,NA,NA,NA,"ST_2"
"ST_2",4.5,95,95,95,58.32821,11.8559,39.386922,15.6877,15.6877,3.013647,3.013647,4.542,4.542,2.1031,2.1031,0.271,1.1403890236582,1.0751428,23.2293,207.329,0,2019,0.006729,NA,NA,NA,NA,NA,NA,NA,NA,NA,NA,NA,NA,NA,"ST_2"
"ST_2",5,96,96,96,58.3282,11.8559,39.386945,15.6872,15.6872,3.016049,3.016049,5.047,5.047,2.0634,2.0634,0.255,1.06751530093966,1.0589438,23.2498,205.627,0,2019,0.006299,NA,NA,NA,NA,NA,NA,NA,NA,NA,NA,NA,NA,NA,"ST_2"
"ST_2",5.5,97,97,97,58.3282,11.8559,39.386965,15.6813,15.6813,3.013084,3.013084,5.552,5.552,2.0446,2.0446,0.291,1.06344793036933,1.0945412,23.228,205.082,0,2019,0.0062749999999999,NA,NA,NA,NA,NA,NA,NA,NA,NA,NA,NA,NA,NA,"ST_2"
"ST_2",6,98,98,98,58.32821,11.8559,39.386985,15.7972,15.7972,3.083247,3.083247,6.056,6.056,2.0397,2.0397,0.297,0.888550995844842,1.1922423,23.7553,205.175,0,2019,0.005243,NA,NA,NA,NA,NA,NA,NA,NA,NA,NA,NA,NA,NA,"ST_2"
"ST_2",6.5,99,99,99,58.32822,11.8559,39.387007,15.9237,15.9237,3.160598,3.160598,6.561,6.561,1.9995,1.9995,0.258,0.594344524590475,1.2592956,24.3363,194.762,0,2019,0.003507,NA,NA,NA,NA,NA,NA,NA,NA,NA,NA,NA,NA,NA,"ST_2"
"ST_2",7,100,100,100,58.32822,11.8559,39.38703,15.866,15.866,3.213278,3.213278,7.066,7.066,1.8785,1.8785,0.254,0.559941348516376,1.0565427,24.8206,167.941,0,2019,0.003304,NA,NA,NA,NA,NA,NA,NA,NA,NA,NA,NA,NA,NA,"ST_2"
"ST_2",7.5,101,101,101,58.32822,11.8559,39.38705,15.8127,15.8127,3.241139,3.241139,7.571,7.571,1.7618,1.7618,0.298,0.493507629200874,0.983358,25.092,151.148,0,2019,0.002912,NA,NA,NA,NA,NA,NA,NA,NA,NA,NA,NA,NA,NA,"ST_2"
"ST_2",8,102,102,102,58.32822,11.8559,39.387069,15.7196,15.7196,3.274163,3.274163,8.075,8.075,1.6475,1.6475,0.307,0.508590795065873,0.9281797,25.4342,135.244,0,2019,0.0030009999999999,NA,NA,NA,NA,NA,NA,NA,NA,NA,NA,NA,NA,NA,"ST_2"
"ST_2",8.5,103,103,103,58.32822,11.8559,39.387088,15.3971,15.3971,3.318071,3.318071,8.58,8.58,1.5453,1.5453,0.301,0.489779206178065,0.8790154,26.0234,124.365,0,2019,0.0028899999999999,NA,NA,NA,NA,NA,NA,NA,NA,NA,NA,NA,NA,NA,"ST_2"
"ST_2",9,104,104,104,58.32821,11.8559,39.387108,15.1591,15.1591,3.338002,3.338002,9.085,9.085,1.4031,1.4031,0.299,0.54960344831677,0.9167439,26.3545,100.475,0,2019,0.003243,NA,NA,NA,NA,NA,NA,NA,NA,NA,NA,NA,NA,NA,"ST_2"
"ST_2",9.5,105,105,105,58.32821,11.8559,39.387127,14.8503,14.8503,3.365172,3.365172,9.589,9.589,1.2341,1.2341,0.296,0.420803380256102,1.121565,26.8022,73.024,0,2019,0.002483,NA,NA,NA,NA,NA,NA,NA,NA,NA,NA,NA,NA,NA,"ST_2"
"ST_2",10,106,106,106,58.32822,11.8559,39.387147,14.679,14.679,3.381068,3.381068,10.094,10.094,1.1117,1.1117,0.297,0.397754947024193,1.3029383,27.0613,62.927,0,2019,0.002347,NA,NA,NA,NA,NA,NA,NA,NA,NA,NA,NA,NA,NA,"ST_2"
"ST_2",10.5,107,107,107,58.32822,11.8559,39.387167,14.1997,14.1997,3.429587,3.429587,10.599,10.599,1.0206,1.0206,0.3,0.397246525702901,1.3380041,27.833,55.577,0,2019,0.002344,NA,NA,NA,NA,NA,NA,NA,NA,NA,NA,NA,NA,NA,"ST_2"
"ST_2",11,108,108,108,58.32822,11.8559,39.387187,13.9501,13.9501,3.442364,3.442364,11.103,11.103,0.9415,0.9415,0.289,0.345387550931106,1.2132069,28.1287,47.512,0,2019,0.002038,NA,NA,NA,NA,NA,NA,NA,NA,NA,NA,NA,NA,NA,"ST_2"
"ST_2",11.5,109,109,109,58.32822,11.8559,39.387207,13.8671,13.8671,3.439321,3.439321,11.608,11.608,0.8758,0.8758,0.286,0.350471764144027,1.0999217,28.1615,40.312,0,2019,0.002068,NA,NA,NA,NA,NA,NA,NA,NA,NA,NA,NA,NA,NA,"ST_2"
"ST_2",12,110,110,110,58.32822,11.8559,39.387228,13.8324,13.8324,3.437555,3.437555,12.113,12.113,0.8402,0.8402,0.288,0.342506496777117,1.0552435,28.1707,40.047,0,2019,0.002021,NA,NA,NA,NA,NA,NA,NA,NA,NA,NA,NA,NA,NA,"ST_2"
"ST_2",12.5,111,111,111,58.32822,11.8559,39.387248,13.5819,13.5819,3.430263,3.430263,12.618,12.618,0.8233,0.8233,0.285,0.334202281862679,1.0137136,28.2886,40.744,0,2019,0.001972,NA,NA,NA,NA,NA,NA,NA,NA,NA,NA,NA,NA,NA,"ST_2"
"ST_2",13,112,112,112,58.32822,11.8559,39.387268,13.453,13.453,3.45743,3.45743,13.122,13.122,0.8088,0.8088,0.286,0.298782263145996,1.0500476,28.6329,39.355,0,2019,0.001763,NA,NA,NA,NA,NA,NA,NA,NA,NA,NA,NA,NA,NA,"ST_2"
"ST_2",13.5,113,113,113,58.32823,11.8559,39.387288,13.4219,13.4219,3.467837,3.467837,13.627,13.627,0.7961,0.7961,0.295,0.253024344229706,1.0057902,28.7517,37.596,0,2019,0.001493,NA,NA,NA,NA,NA,NA,NA,NA,NA,NA,NA,NA,NA,"ST_2"
"ST_2",14,114,114,114,58.32824,11.8559,39.387308,13.2192,13.2192,3.467331,3.467331,14.132,14.132,0.7981,0.7981,0.291,0.333185439220095,0.9992409,28.9002,40.376,0,2019,0.001966,NA,NA,NA,NA,NA,NA,NA,NA,NA,NA,NA,NA,NA,"ST_2"
"ST_2",14.5,115,115,115,58.32824,11.8559,39.387328,13.2737,13.2737,3.494493,3.494493,14.637,14.637,0.7966,0.7966,0.292,0.297934894277176,1.0299438,29.1092,39.684,0,2019,0.001758,NA,NA,NA,NA,NA,NA,NA,NA,NA,NA,NA,NA,NA,"ST_2"
"ST_2",15,116,116,116,58.32824,11.8559,39.387348,13.6661,13.6661,3.568425,3.568425,15.141,15.141,0.7947,0.7947,0.299,0.282682254638412,1.1732653,29.4886,38.75,0,2019,0.001668,NA,NA,NA,NA,NA,NA,NA,NA,NA,NA,NA,NA,NA,"ST_2"
"ST_2",15.5,117,117,117,58.32822,11.8559,39.387367,13.6466,13.6466,3.606291,3.606291,15.646,15.646,0.8126,0.8126,0.3,0.258108557442627,1.2566268,29.8515,43.845,0,2019,0.0015229999999999,NA,NA,NA,NA,NA,NA,NA,NA,NA,NA,NA,NA,NA,"ST_2"
"ST_2",16,118,118,118,58.32822,11.8559,39.387388,12.4292,12.4292,3.514142,3.514142,16.151,16.151,0.8614,0.8614,0.288,0.359114926605993,1.2751112,29.9513,56.854,0,2019,0.002119,NA,NA,NA,NA,NA,NA,NA,NA,NA,NA,NA,NA,NA,"ST_2"
"ST_2",16.5,119,119,119,58.32822,11.8559,39.387417,11.2478,11.2478,3.420003,3.420003,16.655,16.655,0.8468,0.8468,0.185,0.395551787965261,1.224702,29.9992,44.851,0,2019,0.002334,NA,NA,NA,NA,NA,NA,NA,NA,NA,NA,NA,NA,NA,"ST_2"
"ST_2",17,120,120,120,58.32822,11.8559,39.387522,11.9565,11.9565,3.448368,3.448368,17.16,17.16,0.7228,0.7228,0.004,0.452833923497505,1.1217564,29.7047,28.986,0,2019,0.002672,NA,NA,NA,NA,NA,NA,NA,NA,NA,NA,NA,NA,NA,"ST_2"
"ST_6",1,121,259,259,58.34156,11.89877,39.486312,15.7974,15.7974,2.927023,2.927023,1.009,1.009,2.0884,2.0884,0.06,1.33634161260874,1.1644872,22.4333,214.252,0,2019,0.014375,NA,NA,NA,NA,NA,NA,NA,NA,NA,NA,NA,NA,NA,"ST_6"
"ST_6",1.5,122,260,260,58.3416,11.89876,39.486623,15.89,15.89,2.978556,2.978556,1.514,1.514,2.0643,2.0643,0.239,1.23873057307906,1.2072364,22.8156,210.553,0,2019,0.013325,NA,NA,NA,NA,NA,NA,NA,NA,NA,NA,NA,NA,NA,"ST_6"
"ST_6",2,123,261,261,58.3416,11.89876,39.486648,15.926,15.926,3.010008,3.010008,2.019,2.019,2.0596,2.0596,0.251,0.987544831356013,1.1896563,23.0603,208.459,0,2019,0.010623,NA,NA,NA,NA,NA,NA,NA,NA,NA,NA,NA,NA,NA,"ST_6"
"ST_6",2.5,124,262,262,58.3416,11.89876,39.486666,15.9323,15.9323,3.029881,3.029881,2.523,2.523,2.0338,2.0338,0.317,0.946827083437917,1.2009825,23.2244,201.881,0,2019,0.010185,NA,NA,NA,NA,NA,NA,NA,NA,NA,NA,NA,NA,NA,"ST_6"
"ST_6",3,125,263,263,58.3416,11.89876,39.486685,15.9284,15.9284,3.041379,3.041379,3.028,3.028,2.0058,2.0058,0.313,0.92182006473936,1.1792037,23.3237,197.294,0,2019,0.009916,NA,NA,NA,NA,NA,NA,NA,NA,NA,NA,NA,NA,NA,"ST_6"
"ST_6",3.5,126,264,264,58.3416,11.89876,39.486701,15.9402,15.9402,3.040348,3.040348,3.533,3.533,1.974,1.974,0.345,0.856374186807078,1.1778584,23.308,192.062,0,2019,0.009212,NA,NA,NA,NA,NA,NA,NA,NA,NA,NA,NA,NA,NA,"ST_6"
"ST_6",4,127,265,265,58.3416,11.89876,39.486718,15.9426,15.9426,3.054654,3.054654,4.037,4.037,1.9538,1.9538,0.352,0.737195755686075,1.1629935,23.4273,190.4,0,2019,0.00793,NA,NA,NA,NA,NA,NA,NA,NA,NA,NA,NA,NA,NA,"ST_6"
"ST_6",4.5,128,266,266,58.3416,11.89875,39.486735,15.9105,15.9105,3.077338,3.077338,4.542,4.542,1.936,1.936,0.331,0.738125384633977,1.1426732,23.6382,189.192,0,2019,0.00794,NA,NA,NA,NA,NA,NA,NA,NA,NA,NA,NA,NA,NA,"ST_6"
"ST_6",5,129,267,267,58.3416,11.89874,39.486753,15.9326,15.9326,3.082829,3.082829,5.047,5.047,1.9082,1.9082,0.324,0.645627304317755,1.1711115,23.6716,183.812,0,2019,0.006945,NA,NA,NA,NA,NA,NA,NA,NA,NA,NA,NA,NA,NA,"ST_6"
"ST_6",5.5,130,268,268,58.3416,11.89874,39.486767,15.8831,15.8831,3.170926,3.170926,5.552,5.552,1.8837,1.8837,0.404,0.436088939460704,1.1880362,24.4494,178.728,0,2019,0.004691,NA,NA,NA,NA,NA,NA,NA,NA,NA,NA,NA,NA,NA,"ST_6"
"ST_6",6,131,269,269,58.3416,11.89874,39.48678,15.8496,15.8496,3.174503,3.174503,6.056,6.056,1.8561,1.8561,0.433,0.289765343060971,1.1385154,24.5003,175.69,0,2019,0.003117,NA,NA,NA,NA,NA,NA,NA,NA,NA,NA,NA,NA,NA,"ST_6"
"ST_6",6.5,132,270,270,58.3416,11.89874,39.486792,15.8339,15.8339,3.129948,3.129948,6.561,6.561,1.7831,1.7831,0.476,0.327601241240571,1.077061,24.1304,159.24,0,2019,0.003524,NA,NA,NA,NA,NA,NA,NA,NA,NA,NA,NA,NA,NA,"ST_6"
"ST_6",7,133,271,271,58.3416,11.89874,39.486806,15.6391,15.6391,3.183252,3.183252,7.066,7.066,1.7102,1.7102,0.444,0.34284715598616,1.0371797,24.7066,144.776,0,2019,0.003688,NA,NA,NA,NA,NA,NA,NA,NA,NA,NA,NA,NA,NA,"ST_6"
"ST_6",7.5,134,272,272,58.3416,11.89874,39.486819,15.3974,15.3974,3.263718,3.263718,7.57,7.57,1.6959,1.6959,0.416,0.334480495455044,0.9938031,25.5524,153.112,0,2019,0.003598,NA,NA,NA,NA,NA,NA,NA,NA,NA,NA,NA,NA,NA,"ST_6"
"ST_6",8,135,273,273,58.3416,11.89872,39.486832,15.2668,15.2668,3.289836,3.289836,8.075,8.075,1.6434,1.6434,0.44,0.28930052858702,0.9601262,25.8637,146.411,0,2019,0.0031119999999999,NA,NA,NA,NA,NA,NA,NA,NA,NA,NA,NA,NA,NA,"ST_6"
"ST_6",8.5,136,274,274,58.3416,11.89872,39.486845,15.1799,15.1799,3.299578,3.299578,8.58,8.58,1.5182,1.5182,0.458,0.241796489349241,0.9745129,26.0056,113.743,0,2019,0.002601,NA,NA,NA,NA,NA,NA,NA,NA,NA,NA,NA,NA,NA,"ST_6"
"ST_6",9,137,275,275,58.3416,11.89872,39.486858,15.1164,15.1164,3.307124,3.307124,9.085,9.085,1.3942,1.3942,0.457,0.216510581966314,0.971188,26.1134,90.736,0,2019,0.002329,NA,NA,NA,NA,NA,NA,NA,NA,NA,NA,NA,NA,NA,"ST_6"
"ST_6",9.5,138,276,276,58.3416,11.89872,39.486871,14.8681,14.8681,3.327883,3.327883,9.59,9.59,1.2956,1.2956,0.461,0.208050958540408,1.1103718,26.4618,81.543,0,2019,0.002238,NA,NA,NA,NA,NA,NA,NA,NA,NA,NA,NA,NA,NA,"ST_6"
"ST_6",10,139,277,277,58.3416,11.89872,39.486884,14.7984,14.7984,3.3304,3.3304,10.094,10.094,1.2175,1.2175,0.449,0.224133539339108,1.128882,26.5311,77.605,0,2019,0.002411,NA,NA,NA,NA,NA,NA,NA,NA,NA,NA,NA,NA,NA,"ST_6"
"ST_6",10.5,140,278,278,58.34161,11.89872,39.486897,14.6248,14.6248,3.333839,3.333839,10.599,10.599,1.1307,1.1307,0.436,0.223296873285997,1.0975807,26.6797,66.786,0,2019,0.002402,NA,NA,NA,NA,NA,NA,NA,NA,NA,NA,NA,NA,NA,"ST_6"
"ST_6",11,141,279,279,58.34162,11.89872,39.486912,14.4733,14.4733,3.340182,3.340182,11.103,11.103,1.0519,1.0519,0.414,0.179232461155454,1.1742807,26.8401,56.716,0,2019,0.001928,NA,NA,NA,NA,NA,NA,NA,NA,NA,NA,NA,NA,NA,"ST_6"
"ST_6",11.5,142,280,280,58.34162,11.89872,39.486926,14.1845,14.1845,3.35305,3.35305,11.608,11.608,0.9872,0.9872,0.394,0.201264667220726,1.1367817,27.156,51.718,0,2019,0.002165,NA,NA,NA,NA,NA,NA,NA,NA,NA,NA,NA,NA,NA,"ST_6"
"ST_6",12,143,281,281,58.34161,11.89872,39.48694,14.1468,14.1468,3.38087,3.38087,12.113,12.113,0.938,0.938,0.429,0.193269858268771,1.0024723,27.4321,46.828,0,2019,0.002079,NA,NA,NA,NA,NA,NA,NA,NA,NA,NA,NA,NA,NA,"ST_6"
"ST_6",12.5,144,282,282,58.3416,11.89872,39.486952,13.7705,13.7705,3.388649,3.388649,12.618,12.618,0.8975,0.8975,0.47,0.18211431089395,0.8985961,27.7719,42.984,0,2019,0.001959,NA,NA,NA,NA,NA,NA,NA,NA,NA,NA,NA,NA,NA,"ST_6"
"ST_6",13,145,283,283,58.3416,11.89872,39.486964,13.6515,13.6515,3.41911,3.41911,13.123,13.123,0.8693,0.8693,0.466,0.172818021414932,0.8976912,28.1351,41.473,0,2019,0.001859,NA,NA,NA,NA,NA,NA,NA,NA,NA,NA,NA,NA,NA,"ST_6"
"ST_6",13.5,146,284,284,58.3416,11.89872,39.486978,13.2048,13.2048,3.40908,3.40908,13.627,13.627,0.8406,0.8406,0.451,0.178209869312763,1.0166363,28.3735,39.434,0,2019,0.001917,NA,NA,NA,NA,NA,NA,NA,NA,NA,NA,NA,NA,NA,"ST_6"
"ST_6",14,147,285,285,58.3416,11.89872,39.486992,12.7529,12.7529,3.391045,3.391045,14.132,14.132,0.8137,0.8137,0.429,0.159431364565147,1.0801834,28.545,36.026,0,2019,0.001715,NA,NA,NA,NA,NA,NA,NA,NA,NA,NA,NA,NA,NA,"ST_6"
"ST_6",14.5,148,286,286,58.3416,11.89872,39.487006,12.5316,12.5316,3.381651,3.381651,14.637,14.637,0.7903,0.7903,0.399,0.162963954567174,0.9347978,28.6245,34.545,0,2019,0.001753,NA,NA,NA,NA,NA,NA,NA,NA,NA,NA,NA,NA,NA,"ST_6"
"ST_6",15,149,287,287,58.3416,11.8987,39.487021,12.2915,12.2915,3.372182,3.372182,15.141,15.141,0.7661,0.7661,0.4,0.170586911939968,0.8972615,28.7184,30.882,0,2019,0.001835,NA,NA,NA,NA,NA,NA,NA,NA,NA,NA,NA,NA,NA,"ST_6"
"ST_6",15.5,150,288,288,58.3416,11.8987,39.487034,11.8687,11.8687,3.350749,3.350749,15.646,15.646,0.7484,0.7484,0.435,0.161197659566161,0.8985627,28.8403,29.229,0,2019,0.001734,NA,NA,NA,NA,NA,NA,NA,NA,NA,NA,NA,NA,NA,"ST_6"
"ST_6",16,151,289,289,58.3416,11.8987,39.487046,11.5184,11.5184,3.330929,3.330929,16.151,16.151,0.735,0.735,0.457,0.180812830366887,0.9486894,28.9226,28.771,0,2019,0.001945,NA,NA,NA,NA,NA,NA,NA,NA,NA,NA,NA,NA,NA,"ST_6"
"ST_6",16.5,152,290,290,58.34161,11.8987,39.487058,10.8263,10.8263,3.294268,3.294268,16.656,16.656,0.721,0.721,0.477,0.169564320097276,0.8987425,29.1115,27.089,0,2019,0.001824,NA,NA,NA,NA,NA,NA,NA,NA,NA,NA,NA,NA,NA,"ST_6"
"ST_6",17,153,291,291,58.34162,11.8987,39.487071,10.1983,10.1983,3.261367,3.261367,17.16,17.16,0.7054,0.7054,0.467,0.174305427731575,0.8596857,29.2897,24.727,0,2019,0.001875,NA,NA,NA,NA,NA,NA,NA,NA,NA,NA,NA,NA,NA,"ST_6"
"ST_6",17.5,154,292,292,58.34162,11.8987,39.487085,9.5687,9.5687,3.241538,3.241538,17.665,17.665,0.6871,0.6871,0.437,0.213163917753868,0.937467,29.6047,21.898,0,2019,0.002293,NA,NA,NA,NA,NA,NA,NA,NA,NA,NA,NA,NA,NA,"ST_6"
"ST_6",18,155,293,293,58.34162,11.8987,39.487099,8.9945,8.9945,3.234411,3.234411,18.17,18.17,0.6651,0.6651,0.409,0.330483090979067,1.1117374,30.0107,17.859,0,2019,0.003555,NA,NA,NA,NA,NA,NA,NA,NA,NA,NA,NA,NA,NA,"ST_6"
"ST_6",18.5,156,294,294,58.34162,11.8987,39.487114,8.4167,8.4167,3.255839,3.255839,18.674,18.674,0.64,0.64,0.403,0.800782375722554,1.1903049,30.7265,13.2,0,2019,0.008614,NA,NA,NA,NA,NA,NA,NA,NA,NA,NA,NA,NA,NA,"ST_6"
"ST_6",19,157,295,295,58.34162,11.8987,39.487127,8.2484,8.2484,3.282385,3.282385,19.179,19.179,0.6185,0.6185,0.428,1.45830893057345,1.2988632,31.1533,9.635,0,2019,0.015687,NA,NA,NA,NA,NA,NA,NA,NA,NA,NA,NA,NA,NA,"ST_6"
"ST_6",19.5,158,296,296,58.34162,11.8987,39.48714,8.1977,8.1977,3.304554,3.304554,19.684,19.684,0.6037,0.6037,0.454,1.85972271027742,1.4170385,31.4315,9.011,0,2019,0.020005,NA,NA,NA,NA,NA,NA,NA,NA,NA,NA,NA,NA,NA,"ST_6"
"ST_6",20,159,297,297,58.34162,11.8987,39.487152,8.1866,8.1866,3.318654,3.318654,20.188,20.188,0.593,0.593,0.477,2.1957835749439,1.5361253,31.5899,9.039,0,2019,0.02362,NA,NA,NA,NA,NA,NA,NA,NA,NA,NA,NA,NA,NA,"ST_6"
"ST_6",20.5,160,298,298,58.34162,11.8987,39.487165,8.2116,8.2116,3.332522,3.332522,20.693,20.693,0.5842,0.5842,0.465,2.48601373247882,1.6394479,31.7135,8.733,0,2019,0.026742,NA,NA,NA,NA,NA,NA,NA,NA,NA,NA,NA,NA,NA,"ST_6"
"ST_6",21,161,299,299,58.3416,11.8987,39.487178,8.2347,8.2347,3.337616,3.337616,21.198,21.198,0.576,0.576,0.451,2.76285723316395,1.6305137,31.7461,7.881,0,2019,0.02972,NA,NA,NA,NA,NA,NA,NA,NA,NA,NA,NA,NA,NA,"ST_6"
"ST_6",21.5,162,300,300,58.3416,11.8987,39.487191,8.2814,8.2814,3.345686,3.345686,21.703,21.703,0.5686,0.5686,0.433,2.97611411381261,1.7534975,31.7888,7.167,0,2019,0.032014,NA,NA,NA,NA,NA,NA,NA,NA,NA,NA,NA,NA,NA,"ST_6"
"ST_6",22,163,301,301,58.3416,11.8987,39.487205,8.3489,8.3489,3.35536,3.35536,22.208,22.208,0.5615,0.5615,0.419,2.87236752322678,1.8391151,31.8294,6.32,0,2019,0.030898,NA,NA,NA,NA,NA,NA,NA,NA,NA,NA,NA,NA,NA,"ST_6"
"ST_6",22.5,164,302,302,58.3416,11.8987,39.487219,8.3831,8.3831,3.361538,3.361538,22.712,22.712,0.5559,0.5559,0.418,2.93204970168207,1.9444437,31.8632,5.823,0,2019,0.03154,NA,NA,NA,NA,NA,NA,NA,NA,NA,NA,NA,NA,NA,"ST_6"
"ST_6",23,165,303,303,58.3416,11.8987,39.487233,8.4354,8.4354,3.369548,3.369548,23.217,23.217,0.5515,0.5515,0.419,3.12736474363623,2.0762223,31.8997,5.537,0,2019,0.033641,NA,NA,NA,NA,NA,NA,NA,NA,NA,NA,NA,NA,NA,"ST_6"
"ST_6",23.5,166,304,304,58.3416,11.8987,39.487248,8.4884,8.4884,3.377418,3.377418,23.722,23.722,0.5476,0.5476,0.403,3.27080649029746,2.1743017,31.9341,5.255,0,2019,0.035184,NA,NA,NA,NA,NA,NA,NA,NA,NA,NA,NA,NA,NA,"ST_6"
"ST_6",24,167,305,305,58.3416,11.8987,39.487263,8.5363,8.5363,3.384589,3.384589,24.227,24.227,0.5442,0.5442,0.397,3.11016660810004,2.1512502,31.9658,4.942,0,2019,0.033456,NA,NA,NA,NA,NA,NA,NA,NA,NA,NA,NA,NA,NA,"ST_6"
"ST_6",24.5,168,306,306,58.3416,11.8987,39.487278,8.5851,8.5851,3.391516,3.391516,24.731,24.731,0.5412,0.5412,0.394,2.68997432364846,1.9023737,31.9938,4.558,0,2019,0.028936,NA,NA,NA,NA,NA,NA,NA,NA,NA,NA,NA,NA,NA,"ST_6"
"ST_6",25,169,307,307,58.3416,11.8987,39.487294,8.6424,8.6424,3.399803,3.399803,25.236,25.236,0.5387,0.5387,0.373,1.83592420921114,1.5966265,32.0284,4.378,0,2019,0.019749,NA,NA,NA,NA,NA,NA,NA,NA,NA,NA,NA,NA,NA,"ST_6"
"ST_6",25.5,170,308,308,58.3416,11.89869,39.48735,8.608,8.608,3.380551,3.380551,25.741,25.741,0.5321,0.5321,-0.119,1.24988612045388,1.3630983,31.858,3.76,0,2019,0.013445,NA,NA,NA,NA,NA,NA,NA,NA,NA,NA,NA,NA,NA,"ST_6"
